origin,destination,count
102,105,4155653
105,104,5087309
105,105,13106458
101,104,883250
102,301,432170
106,103,1325371
106,106,3612874
102,106,1681438
104,107,1615201
107,107,4485480
312,312,11056
105,102,3885376
108,107,2459142
301,101,45468
107,108,2405378
301,104,54553
104,104,4210453
107,105,2523781
105,107,2537392
110,111,79006
106,108,2976035
107,102,442029
102,104,2376768
105,108,4701732
102,101,1719072
108,108,8859572
108,102,816192
102,103,1834843
108,402,115100
109,480,28349
106,308,21656
109,107,418258
106,105,5083063
105,480,766936
102,102,3665926
101,101,1432637
105,302,292471
102,405,16398
164,483,18273
480,108,319910
108,104,1087211
103,106,1361704
101,106,705360
106,101,768296
108,103,513860
105,103,1705269
483,105,552062
101,105,1739647
103,102,1590297
164,111,55851
105,106,4735351
108,106,2701674
105,314,25264
306,307,38219
103,108,598868
108,105,5083720
104,102,2286709
306,302,154873
105,112,157033
480,105,987848
103,105,1579464
111,105,186610
103,103,1437518
108,111,965400
106,107,733503
102,107,620209
111,108,488874
164,112,13468
301,301,679725
104,105,5433679
107,112,223039
101,107,227770
104,108,1308247
164,105,722348
105,306,182269
302,306,153490
164,108,652623
483,483,138171
104,110,154597
480,104,249328
106,111,196868
164,107,507477
111,112,22592
105,301,318879
480,302,107996
106,102,1560175
105,164,546076
105,205,9596
105,101,1901957
104,106,1579141
110,104,40948
109,164,40323
106,310,14311
101,103,726560
101,310,18138
301,309,13964
101,306,105686
106,104,1463891
483,108,173954
101,102,1547440
107,104,1435914
108,164,638358
111,480,30271
301,402,43711
301,302,142016
401,108,89697
301,306,80925
111,106,97275
104,111,148286
102,108,980899
107,101,234569
480,401,113812
104,101,967594
107,106,661468
355,306,3238
103,310,15112
302,317,4595
102,401,111729
305,103,72
483,313,8581
103,111,83451
108,112,101841
104,311,6508
480,107,228177
103,101,676874
106,164,164619
483,405,20686
101,110,20551
403,483,1579
104,302,144039
105,483,390679
483,107,143822
108,204,19092
103,107,263973
107,164,452679
105,401,342674
105,109,220064
480,211,5350
480,306,70538
111,107,198507
302,303,54984
483,103,88707
483,101,106583
306,308,42749
164,104,191870
483,401,62766
104,103,855486
164,164,197374
480,407,36767
105,111,328521
406,402,4422
109,106,39716
102,111,83995
480,102,180916
104,109,187634
101,401,35253
107,110,286646
108,101,485294
112,104,18392
101,108,419244
483,318,23687
410,105,3801
111,109,59137
401,401,397509
110,107,120265
108,302,77402
110,201,4564
107,109,603256
105,202,4498
102,302,310718
109,110,109244
301,401,47050
306,102,55001
306,306,163989
111,164,46310
111,104,69415
107,402,32660
109,108,146876
102,112,59055
103,104,826110
108,206,3876
111,111,305552
102,483,95223
302,105,125126
483,111,23188
106,306,76064
483,106,227471
301,102,125859
101,308,25459
302,302,266467
403,204,394
105,404,37130
402,107,16702
101,301,127727
106,405,23077
104,401,159638
301,103,210712
401,105,86202
109,102,36178
103,312,10506
302,106,79037
406,412,1322
480,480,59586
101,302,192844
107,111,347722
301,304,113662
108,110,177365
111,483,14854
202,209,201
103,401,109748
102,308,69115
110,105,68933
109,105,135365
112,107,30658
480,406,30794
104,301,176918
401,402,83788
403,301,2496
101,480,140814
105,208,25305
106,480,297214
108,401,179403
480,164,37050
301,303,110627
107,103,183025
302,101,110546
103,112,35059
108,355,2355
102,164,99327
306,301,65422
105,303,69832
402,402,210379
102,480,129592
164,109,39517
104,205,6720
480,308,26029
103,480,70204
164,110,33066
109,483,15925
106,112,56116
104,483,129351
480,101,202591
108,303,10483
109,109,210685
102,306,188678
306,101,50096
108,483,127468
480,106,395286
104,164,211787
483,402,49457
302,102,116699
309,111,75
480,403,43918
105,403,71983
105,310,33807
108,480,260590
402,401,94291
101,211,1406
103,404,13374
104,306,96585
111,208,2375
312,483,242
304,301,21474
111,110,101636
101,112,20761
483,102,141852
480,405,14730
306,314,11245
108,313,1424
107,302,32553
483,413,46071
402,207,393
103,301,512993
303,102,4547
103,483,53869
105,226,1059
107,306,24014
302,103,92120
480,103,109471
106,483,171622
107,480,163479
108,405,14828
402,104,26614
105,204,22845
103,307,35476
480,310,8098
480,408,22510
402,103,19276
102,109,79118
401,480,34550
106,209,6084
103,306,130084
483,412,62794
109,103,17530
301,405,28313
480,402,69144
480,204,6152
164,101,50259
104,480,194667
107,207,6361
412,104,3498
105,414,1408
104,403,31522
483,305,17655
106,301,153194
402,108,66531
110,106,22638
103,303,93626
401,107,22494
102,312,12322
109,104,105628
106,402,136725
402,105,82946
107,301,37491
105,110,203980
483,303,30146
401,403,37748
164,102,106446
483,301,104403
111,302,5000
102,402,70072
483,411,15087
105,408,21029
112,105,16526
107,483,93310
108,301,91683
109,111,85135
301,105,75381
412,105,10564
301,106,61753
105,206,6170
306,107,10581
106,401,201601
301,483,7822
403,403,33801
108,307,8580
306,483,7175
306,303,24677
104,303,41598
483,104,189776
104,112,157219
110,108,69021
112,112,46031
409,409,5159
483,355,4311
302,304,16722
483,307,17919
104,402,85608
102,303,81221
108,109,201045
480,109,41177
483,312,14318
483,410,33422
106,208,8680
312,106,735
106,302,132703
103,355,8871
109,208,5958
106,212,4019
107,404,5941
106,110,71197
103,407,5018
108,312,5346
306,105,55496
108,201,25145
480,110,38545
101,307,23552
101,483,70613
103,110,49339
102,310,22803
103,304,69576
301,314,8866
112,110,11330
483,309,19510
111,209,3817
103,402,65341
404,405,3041
109,210,492
302,301,138154
164,103,35075
483,110,21535
483,404,18767
480,411,12234
164,106,162905
302,104,55548
480,301,107304
101,502,1990
483,302,86007
110,110,106348
106,413,2800
106,303,25223
402,101,13860
102,309,26679
401,106,64401
106,227,496
104,208,17014
402,303,3232
401,102,19883
103,204,4593
110,109,74505
107,201,11044
103,302,217564
480,303,26129
402,483,12233
401,104,33744
109,101,16245
102,411,2228
106,109,66484
106,404,20926
483,306,65450
306,103,38928
103,109,46899
306,355,7977
110,480,15272
104,304,22880
106,355,4086
407,406,409
105,405,36447
104,201,9463
302,108,45531
110,102,15405
303,402,1058
104,211,4643
402,404,17581
401,301,25373
105,402,219198
101,403,11339
105,308,57130
105,207,11529
107,204,13561
103,403,20213
108,306,41243
401,203,473
102,406,17262
107,212,2280
108,406,22774
401,103,21115
403,404,7954
301,108,43670
404,103,1169
105,313,5670
112,108,14671
302,164,3140
109,112,64065
204,480,292
108,315,2724
355,302,3196
111,413,248
402,405,9435
302,111,5699
402,403,19665
106,406,34627
306,104,32413
105,409,13731
308,107,1163
483,164,23473
101,407,3852
105,309,23738
401,109,7708
104,405,15206
301,201,501
104,312,9252
107,208,24116
110,164,21875
308,317,1698
303,302,14553
482,409,46
103,317,5033
104,318,4200
103,211,2267
483,408,34044
480,111,42690
309,108,712
105,201,17416
106,403,36574
109,401,8070
402,112,2595
402,106,59177
308,102,5449
401,406,7681
102,110,69129
105,304,35196
101,405,7540
483,502,2392
103,311,4768
401,110,7166
111,404,2933
102,404,12020
105,406,59111
101,404,5218
111,403,5224
308,302,16675
110,402,2327
402,301,37698
103,405,19315
301,406,4616
302,307,25538
480,503,345
101,406,9988
480,307,16638
104,209,8233
104,207,8332
104,314,13639
103,308,64729
101,303,29571
306,309,14152
201,111,4820
110,112,17720
406,105,5723
164,401,12834
480,483,39113
483,480,40770
204,106,458
301,107,25362
111,101,20365
105,209,13795
101,402,26019
101,313,2735
309,308,2523
101,206,648
108,403,38813
401,404,14309
106,307,17833
483,315,20289
307,306,8886
101,109,23403
483,407,31455
107,406,7744
105,407,24478
102,304,48434
480,305,4475
312,308,276
308,303,9358
101,312,9150
110,205,1317
405,405,6858
108,208,14736
480,413,11076
406,409,3864
103,413,1077
480,309,12109
103,206,1359
102,412,3072
401,111,21662
102,307,43213
104,203,3500
104,409,6546
308,314,2524
306,304,8962
309,302,2864
483,409,24176
104,204,13297
483,310,15228
104,210,4602
303,107,770
483,314,22079
164,310,567
105,412,13390
303,308,7909
483,501,2555
111,205,2712
108,309,4469
301,308,54006
111,103,37558
101,317,3606
306,310,9307
302,311,2090
105,210,8708
105,318,7862
302,305,2525
209,204,124
413,105,1788
104,413,2376
301,109,5250
481,404,259
407,407,12104
308,108,2167
204,105,1188
107,403,15324
101,111,32558
480,112,36293
308,318,571
109,204,5023
483,406,37898
402,302,9543
304,303,7983
107,401,60458
307,307,10346
303,301,24917
307,312,1528
102,315,7003
302,401,10796
108,412,3469
106,305,2184
306,111,2187
410,483,1669
401,304,3128
104,414,673
406,108,2686
302,107,17693
103,314,18191
308,306,13901
480,404,18274
305,305,2455
306,106,34981
104,309,13382
106,412,4738
308,105,4590
108,404,18945
108,211,6621
101,411,1738
202,202,890
204,204,5220
104,310,17113
102,211,2662
402,409,2082
483,206,2508
483,211,5070
406,406,21461
112,106,6328
105,317,9620
303,303,24620
314,306,1734
164,301,7634
102,355,11234
201,208,159
404,404,14201
108,314,5782
106,408,11035
103,309,22517
483,308,31380
112,480,5748
111,102,34379
401,314,671
104,307,26119
309,301,1992
112,103,3091
102,403,24123
403,402,14098
308,308,12650
164,405,1196
404,403,6457
406,101,1553
106,410,5058
314,318,866
112,109,31237
318,483,81
483,208,8842
108,212,4124
480,409,9724
105,315,12585
106,314,9477
483,317,14957
401,201,3212
108,202,3943
103,164,38265
107,312,2753
107,355,1222
112,204,2906
413,413,3876
101,413,1289
480,317,5363
304,304,13042
481,483,794
410,106,1401
105,211,8189
103,414,521
302,480,21683
106,204,10589
110,204,4366
401,202,954
312,104,794
108,501,414
307,103,1680
402,111,6932
105,307,43746
107,303,6514
302,308,43786
480,502,781
105,410,10430
101,305,1832
402,406,7429
106,304,15429
103,208,4008
110,302,2163
110,103,11384
483,414,8420
301,307,19471
304,302,4230
302,411,272
403,103,2165
301,316,2565
104,316,3096
301,480,9553
307,102,1929
103,203,1249
164,302,6819
304,402,905
480,201,3963
304,108,794
108,227,891
105,203,5393
101,409,3102
110,209,1107
401,206,609
401,112,6502
483,304,17933
104,412,5078
409,105,2197
410,410,3920
301,111,7144
402,102,21575
404,409,1095
305,303,207
108,308,10634
107,310,3483
483,311,10686
105,411,8171
483,202,1319
302,310,9383
302,405,3337
309,309,4302
403,105,12276
301,164,3672
101,164,41234
111,303,1643
107,410,1594
308,316,761
480,304,17686
483,112,21719
201,201,10806
102,202,1222
401,303,3094
164,480,30885
106,201,10641
481,106,1480
164,402,6895
307,301,3113
303,309,2782
480,314,11399
111,401,17751
309,104,722
483,403,26754
306,108,20328
302,110,4330
304,104,1175
412,412,5795
102,410,3396
403,106,6290
307,308,1941
403,104,3589
309,106,670
317,309,378
409,405,314
105,481,7306
483,207,4715
104,317,5323
307,104,1429
308,301,14262
406,408,9012
105,503,1209
308,101,2708
406,102,950
314,317,1132
106,312,8554
103,315,3972
408,408,6019
205,205,3948
102,318,4138
483,209,6185
106,316,1483
314,314,7183
483,204,5844
303,103,6655
111,201,15641
104,308,32466
310,302,374
407,408,656
408,101,426
110,301,2195
102,209,3722
206,205,146
311,311,2192
308,307,3822
483,316,5884
307,105,1950
301,112,4187
312,313,144
103,406,14587
101,208,3219
108,409,5140
404,401,4514
164,204,1467
401,212,332
107,308,6175
108,207,8161
483,109,26538
104,404,16576
404,314,70
106,482,337
105,501,2566
309,314,1137
409,412,1060
307,111,133
404,106,2714
112,301,823
403,481,665
480,312,8493
355,102,1008
106,313,2110
102,409,4549
107,318,851
405,483,990
302,112,2750
402,308,1928
201,107,1286
406,106,3717
104,212,4965
409,404,622
101,314,11022
111,306,2241
355,303,715
108,481,2943
403,107,3077
108,310,7628
101,315,5359
401,405,6961
227,211,38
480,484,19
405,406,763
101,204,2440
102,201,4880
406,404,6498
108,410,3265
105,311,13505
401,407,6776
111,203,2778
481,409,97
102,205,2374
309,303,1890
112,403,750
108,316,911
101,203,560
302,312,6061
311,310,331
307,302,4786
110,310,164
408,106,727
303,316,1349
201,403,316
103,409,4022
402,410,786
308,404,195
102,204,5541
404,402,10080
409,406,1066
108,210,5385
107,205,4937
107,210,1950
226,226,189
315,315,2794
109,306,2142
302,483,13046
102,407,5308
306,312,7050
209,209,3322
101,481,1135
404,104,1626
103,305,2760
412,106,3905
306,411,132
108,317,2387
412,401,229
301,407,1677
480,315,4606
104,408,7390
204,483,163
480,412,18894
105,305,5831
401,483,10303
301,403,8654
310,315,251
402,306,4366
405,301,2015
109,403,2252
106,211,4658
108,304,6482
301,207,310
103,316,3379
201,110,3499
314,310,257
102,408,5881
304,480,275
106,503,550
406,164,265
306,402,5530
480,202,1504
480,311,2983
103,201,5443
301,310,4983
105,316,4670
164,306,4228
303,105,3395
405,106,820
109,302,3372
108,205,5972
112,111,8367
206,105,92
103,212,1460
403,401,18803
315,310,67
401,205,608
104,305,3034
105,413,7128
413,314,27
480,209,6049
308,106,3404
102,314,21789
107,206,3342
112,205,1373
105,355,9578
304,401,1194
111,402,8132
108,209,9402
104,411,2840
403,480,5912
107,211,3489
412,483,1768
410,102,1079
103,503,255
105,312,18238
310,306,462
105,212,8353
106,206,2071
401,204,2204
112,401,2373
212,207,155
401,302,6347
480,410,6135
109,206,901
304,308,2643
106,318,2976
406,405,3345
301,410,617
480,206,3275
501,501,863
309,103,1131
410,301,126
355,301,2368
102,501,1223
318,318,2307
201,209,506
406,302,477
211,211,997
104,406,19426
301,305,1538
201,202,374
302,309,14734
306,109,1530
111,211,1537
108,411,2275
112,164,2093
302,355,7599
101,304,12274
406,403,2117
111,206,1607
403,302,1615
201,211,207
107,226,764
407,401,765
412,405,78
401,411,1396
404,102,1280
204,203,414
302,403,3849
112,483,1997
111,304,772
110,308,688
401,101,13251
482,482,174
302,314,12154
316,104,40
406,304,261
107,407,2689
103,411,1899
103,481,732
402,480,15944
480,208,10230
303,306,5068
304,101,775
110,401,5560
102,311,7768
405,102,784
481,105,3432
412,318,41
106,315,5399
112,102,6055
481,310,8
307,314,1728
405,303,307
406,109,263
110,101,7558
302,316,2720
106,407,10637
303,401,1308
107,412,1795
409,403,305
412,102,2510
402,208,319
481,403,771
407,480,551
307,317,198
405,402,1200
306,110,1381
305,102,114
112,202,228
110,206,568
301,355,4596
483,203,1946
111,204,8706
480,481,3597
111,301,6003
318,480,31
102,313,2709
106,409,7876
106,226,644
480,212,3916
102,208,7269
111,406,1558
318,406,6
201,205,433
306,311,1890
301,209,326
401,210,736
306,480,10946
405,304,950
104,315,5784
404,407,1191
111,307,733
483,205,3493
314,101,694
108,203,3941
104,206,3903
111,207,2529
306,316,1161
306,317,2941
107,317,1228
108,311,2598
101,201,2019
301,408,1510
401,308,1715
480,355,3720
306,406,952
106,210,4841
164,407,562
308,304,2718
301,212,113
480,414,1529
312,101,1230
405,404,1013
302,402,11051
103,205,1776
205,105,133
406,483,2600
307,310,2015
481,108,1157
308,103,6519
310,406,19
408,103,294
301,110,5318
106,205,3209
355,314,861
301,411,547
109,201,3863
401,209,1084
105,502,3231
314,309,1245
402,304,3387
403,207,142
302,409,924
104,313,2720
111,408,764
402,110,2776
409,103,369
411,411,1186
309,403,45
406,104,1574
210,210,3519
301,312,4612
310,310,4689
303,104,2601
112,304,133
483,201,3160
107,414,143
401,208,768
480,210,6375
311,483,154
101,205,1145
106,309,8808
110,303,1074
104,410,3734
106,481,2794
311,102,101
107,304,3824
412,108,2711
403,101,2314
317,317,3275
304,102,2359
307,110,99
304,306,1929
101,412,2122
481,164,216
480,318,5790
402,164,4223
403,318,80
403,108,6803
104,407,7665
108,408,6707
302,481,443
110,483,6620
402,411,685
109,301,3190
103,318,3007
405,108,338
110,403,1644
404,105,4415
481,102,819
405,104,637
201,109,1326
303,108,1098
401,310,737
314,105,855
407,101,139
304,106,1119
164,304,489
409,315,15
106,207,4535
307,106,1470
308,309,4424
403,303,415
307,405,107
109,481,267
401,311,271
111,308,964
101,311,6019
107,409,2069
306,481,150
106,203,2504
208,109,199
355,104,619
408,105,1531
305,306,75
401,481,1033
101,207,1198
309,483,350
403,355,43
111,405,826
164,202,189
405,401,571
307,101,1884
103,482,145
104,202,2355
309,306,2397
502,101,17
104,482,210
303,317,1275
306,501,170
109,304,383
103,207,2620
403,316,70
481,407,441
302,404,2079
412,480,446
480,482,302
318,303,68
110,208,1211
410,403,83
401,408,3451
164,406,1646
103,210,1897
107,309,2550
101,408,4125
109,307,546
102,356,83
106,501,1125
401,306,3611
412,413,397
480,501,838
480,207,4089
103,226,245
401,309,737
412,110,358
401,307,1258
102,317,6746
106,317,3941
403,410,281
309,102,1039
409,413,305
104,481,1594
112,101,3045
202,203,108
401,313,117
314,312,1329
301,318,1131
111,312,541
110,404,474
101,410,2443
403,407,3019
307,502,26
108,305,1318
103,408,4864
314,305,177
309,318,418
108,407,7984
402,209,476
401,164,5524
308,104,3032
404,107,696
304,316,627
410,404,105
310,313,146
107,314,3007
301,202,133
108,226,902
305,483,260
355,309,855
106,411,3790
208,208,2253
207,207,1582
111,407,1150
102,210,2392
304,103,4418
101,355,4736
408,107,310
306,305,870
402,407,3416
309,317,1186
409,108,812
402,412,1327
355,483,168
309,304,444
305,402,31
356,356,347
409,483,1649
305,316,189
102,207,3532
304,105,1518
101,414,447
483,210,5799
303,304,7212
481,481,2035
107,203,2618
306,405,1691
164,211,280
481,480,793
483,212,4628
409,480,325
301,204,509
407,405,191
307,303,1161
302,502,218
301,315,1185
112,306,385
302,315,1848
314,303,734
102,481,1448
107,405,4167
401,409,2712
109,303,803
107,408,2986
413,104,550
413,107,363
110,412,408
312,307,1044
107,315,1201
203,109,72
102,212,2040
408,412,860
107,481,1142
480,226,229
107,413,775
402,408,2182
412,103,1487
404,406,2639
403,112,902
111,481,337
316,302,146
107,307,5371
112,208,3451
312,315,454
309,316,403
302,211,149
209,104,152
201,204,1266
204,209,239
410,101,1121
102,316,3394
404,481,161
306,401,6775
314,355,375
103,202,1155
305,104,87
302,413,329
101,309,10021
104,501,1139
303,101,1768
112,201,1151
308,401,1222
306,404,995
402,109,2603
209,480,117
111,309,462
311,104,109
304,305,451
112,402,846
107,209,4337
401,412,2152
314,302,1687
201,203,553
310,480,64
102,502,1289
312,105,1354
313,313,1103
406,203,28
104,355,4952
301,413,255
308,483,1055
112,303,220
164,201,1256
405,103,525
307,108,849
102,305,3379
406,401,2230
164,408,471
304,405,2631
205,206,179
402,482,110
112,405,131
480,316,2809
109,402,2488
408,102,389
403,406,1907
204,109,980
109,205,1634
314,104,784
406,301,1051
111,210,1345
301,313,501
302,406,2035
303,405,907
408,407,507
201,401,498
406,480,1540
403,111,2366
310,312,303
405,410,171
102,206,1617
405,305,149
480,203,1962
406,410,847
312,301,499
164,205,400
106,202,2546
101,503,766
201,108,2321
101,316,1452
409,101,477
302,410,680
227,103,6
164,410,297
403,304,484
109,211,750
480,205,2616
109,316,80
355,308,1307
111,314,506
301,404,5631
408,108,462
203,104,71
302,407,942
303,480,755
309,105,983
402,315,181
406,103,1010
101,501,1900
201,103,611
412,101,1906
404,111,882
314,315,534
106,311,5191
111,412,614
402,413,486
208,207,364
111,317,311
111,202,2227
404,301,1214
355,312,389
204,107,718
314,301,692
205,112,369
312,306,1438
403,411,390
110,306,980
312,310,385
402,414,73
202,204,72
407,105,671
204,108,834
406,308,75
314,401,135
302,318,2478
408,406,1355
308,402,948
103,313,1582
303,403,308
306,403,1814
317,480,62
112,404,316
304,107,576
101,210,1139
404,302,391
412,107,2427
405,105,1696
203,483,25
105,227,1257
312,314,1497
402,310,516
412,210,18
206,112,104
355,307,964
102,413,1459
316,308,232
412,314,33
402,314,704
110,407,283
312,108,456
481,306,149
103,412,2328
409,408,1461
483,481,2856
303,314,1326
401,211,759
107,227,501
103,209,2985
109,404,798
405,502,2
316,316,1397
301,317,2268
304,318,149
304,202,11
403,102,2156
407,410,68
480,313,1750
403,412,666
480,595,44
101,202,561
307,304,594
409,401,331
302,313,1032
301,412,726
209,111,194
317,305,203
410,317,53
109,412,319
318,503,2
203,203,1085
310,307,831
410,109,156
481,402,252
164,208,1544
401,305,678
301,409,1686
110,316,111
209,106,122
312,103,416
308,406,162
403,409,828
208,108,117
208,112,1049
101,318,3061
206,208,48
109,203,1074
403,110,935
164,404,1312
110,202,640
409,164,119
301,311,1403
410,412,581
111,212,1152
402,309,798
355,101,554
164,206,253
201,105,1741
201,106,1024
404,108,2272
211,483,33
306,407,358
107,202,1992
314,108,345
483,356,617
302,408,1031
203,105,103
411,302,8
309,101,562
311,410,14
102,226,320
413,483,506
106,502,1179
164,318,119
409,107,505
405,408,169
404,408,848
315,318,193
402,355,273
164,207,421
402,201,1006
164,305,102
408,411,264
110,307,331
305,301,86
110,312,102
208,305,3
402,211,221
301,481,368
101,212,904
303,318,567
111,411,158
404,207,54
309,312,248
401,410,893
306,112,1130
109,406,752
405,409,427
201,483,177
304,412,67
227,306,3
206,108,67
104,502,1101
308,595,8
355,355,1307
407,402,426
401,207,970
404,101,978
315,104,93
306,164,1505
312,107,319
412,406,215
107,501,234
306,318,1366
406,411,470
501,105,39
405,413,52
401,316,212
311,301,40
111,409,503
307,315,369
407,104,228
164,303,1002
204,207,410
204,401,209
407,302,96
308,312,817
306,313,629
312,355,201
306,413,137
111,311,192
318,101,74
109,309,330
164,411,140
311,315,270
308,407,70
211,228,13
317,318,415
410,414,73
355,402,142
109,209,1221
402,312,429
404,480,1354
409,402,379
411,105,64
207,483,20
101,209,1881
408,402,265
312,302,976
313,311,112
355,103,877
310,107,64
107,411,797
112,207,1286
404,410,382
314,316,198
401,355,225
164,403,2912
481,401,375
412,317,27
204,110,1582
303,355,480
407,483,288
206,209,124
318,302,98
406,407,1870
164,314,467
109,317,157
110,211,615
407,301,157
108,413,1714
412,408,723
310,311,857
409,301,164
402,204,641
413,108,436
164,413,168
206,206,1033
102,203,1318
317,301,124
309,110,82
201,112,912
204,101,185
227,227,229
306,201,172
402,202,247
307,309,975
304,312,161
303,106,2209
210,107,45
355,304,288
211,105,63
308,111,341
314,102,623
308,315,160
308,355,1310
210,209,191
309,307,598
109,207,1907
410,107,793
312,316,20
303,307,1401
112,409,93
107,311,987
403,307,282
406,107,834
404,482,49
104,356,71
202,109,40
164,307,694
301,203,121
482,406,93
413,102,412
110,409,204
412,410,681
112,406,319
111,305,325
109,408,470
409,410,852
202,107,43
410,104,1274
212,212,942
355,316,72
208,404,7
403,405,1793
201,212,167
411,108,27
406,306,268
303,110,401
202,212,42
407,106,316
307,401,482
305,108,57
355,107,215
404,307,94
302,109,3096
407,481,265
406,481,491
304,314,492
409,407,288
311,318,76
402,307,1227
483,228,117
108,318,1500
403,109,1270
303,312,366
205,111,137
401,482,85
206,203,112
315,306,80
318,314,282
301,208,331
413,207,6
312,102,711
201,207,272
205,209,103
302,209,298
203,201,475
304,313,23
402,206,203
303,305,967
110,406,369
308,480,1008
413,106,639
312,480,293
410,108,1012
405,107,170
301,226,29
305,314,53
106,414,723
112,302,736
406,305,163
203,304,3
481,104,1014
317,402,17
502,502,1702
405,403,415
355,405,43
302,412,818
413,412,466
164,309,381
109,202,610
311,308,21
109,212,525
355,106,637
404,304,248
211,207,159
355,105,1041
407,108,309
164,312,500
302,201,536
403,414,34
408,409,589
308,405,336
303,483,790
204,111,981
311,105,193
310,410,11
315,103,57
212,105,45
409,482,55
110,203,1107
103,501,714
410,110,145
315,314,320
306,315,1267
411,413,81
413,112,57
311,101,145
317,302,180
304,406,146
404,306,174
404,412,465
164,414,37
205,102,31
110,210,437
112,226,154
305,410,148
201,206,257
412,481,97
107,316,466
164,209,370
104,226,791
409,111,143
407,413,91
305,309,73
111,310,445
413,164,86
402,205,300
306,502,143
406,111,477
203,204,268
204,102,266
483,226,249
207,112,547
104,227,513
164,311,286
409,314,21
412,409,537
204,206,237
106,228,181
308,305,696
501,502,96
107,313,598
301,210,157
303,111,410
404,204,154
102,503,473
483,503,1057
207,105,119
408,481,106
413,309,56
112,206,550
310,105,314
204,104,569
203,202,79
405,101,363
211,109,25
408,403,219
307,480,339
314,110,171
406,413,487
304,311,54
480,227,358
403,201,544
112,407,203
304,409,137
318,413,9
404,164,168
405,412,109
302,204,921
205,204,414
314,483,321
307,355,471
208,107,253
412,112,353
317,103,73
207,211,99
410,407,65
203,108,95
112,203,449
164,481,347
411,480,28
307,483,345
355,108,545
201,104,826
314,313,171
316,304,247
209,205,133
410,112,124
306,410,266
307,501,55
405,302,253
305,101,198
207,210,76
309,413,23
201,408,29
412,404,125
208,212,79
483,227,219
205,110,136
311,302,75
108,414,406
312,309,330
403,209,392
103,410,2102
110,305,157
316,108,20
110,309,345
201,305,21
309,112,47
401,413,663
407,403,1439
411,407,241
412,411,61
412,109,477
201,402,216
313,315,274
408,301,106
226,201,4
312,318,169
204,302,270
212,208,66
307,311,427
208,164,26
314,106,452
209,201,176
313,102,35
408,110,70
412,164,439
502,112,2
312,110,79
307,313,152
482,404,118
204,112,885
109,308,739
210,108,73
101,226,133
314,307,931
402,210,221
110,212,533
164,412,493
310,101,231
414,414,329
355,413,4
309,109,60
412,407,191
306,207,61
208,204,112
402,311,211
112,211,469
204,210,111
403,482,33
204,212,139
302,501,295
403,164,770
111,316,226
208,226,96
304,111,221
403,208,174
481,107,749
207,304,4
210,105,100
406,110,170
205,402,8
201,210,158
310,108,158
402,481,565
407,412,175
317,304,64
402,502,27
102,414,564
109,305,94
318,106,46
317,306,118
202,210,45
109,409,237
112,408,216
405,407,172
209,210,277
204,205,583
308,310,615
409,411,108
409,104,776
407,210,42
314,308,929
404,305,122
209,206,164
309,305,299
301,501,181
501,103,20
164,308,910
316,301,169
403,211,115
306,409,445
205,212,102
301,502,171
314,107,215
315,317,35
206,207,133
302,356,126
302,503,43
304,317,229
306,408,305
164,315,269
402,305,482
210,101,21
310,301,292
204,201,1150
207,204,168
355,401,188
409,106,1050
207,108,94
412,402,384
164,227,87
208,110,102
105,482,542
302,206,139
315,480,30
164,212,235
204,406,16
483,482,371
227,111,7
355,412,8
404,483,1024
316,305,338
413,410,101
481,101,649
406,205,25
401,318,185
307,107,466
302,203,157
481,410,71
108,502,466
311,307,118
308,110,327
110,408,363
211,210,191
317,313,11
164,203,200
304,404,229
164,409,376
311,313,177
410,409,359
110,314,208
403,308,318
410,406,128
355,404,17
410,305,140
310,483,116
402,317,220
305,105,160
410,318,72
412,301,196
407,404,659
210,212,84
304,309,829
112,502,8
403,408,1006
312,401,100
309,402,207
203,205,87
108,482,219
206,107,77
409,102,599
109,407,630
209,105,278
110,227,91
409,305,156
305,317,136
404,414,33
212,102,11
109,355,120
310,314,206
303,408,99
310,106,250
481,111,157
103,502,672
318,315,116
202,110,62
202,108,115
101,482,91
411,106,30
403,227,28
201,102,550
413,310,22
412,303,65
204,211,145
303,310,327
110,481,146
304,307,679
355,305,55
109,314,290
311,312,211
112,481,41
109,413,160
403,228,8
413,111,60
503,105,9
412,302,147
317,308,287
205,109,133
316,412,30
110,311,30
303,481,25
208,401,54
407,411,537
408,104,486
210,111,42
302,202,140
304,355,133
112,209,564
204,208,208
404,201,109
403,356,11
112,210,255
112,312,83
302,208,338
312,412,15
318,309,118
211,104,42
205,108,90
203,316,3
207,212,184
403,306,732
408,483,570
310,104,352
305,302,117
403,309,139
314,111,58
112,410,37
164,502,50
407,314,12
318,316,94
303,109,258
411,401,53
226,209,6
205,106,68
210,405,1
211,209,208
309,404,27
107,305,506
205,107,152
406,112,335
403,210,193
355,318,106
164,313,122
410,402,166
207,101,22
304,403,264
302,482,37
318,102,71
207,107,91
104,595,30
317,314,383
410,302,133
306,412,248
301,211,210
305,106,100
303,206,21
407,111,84
110,207,1006
208,105,159
481,406,341
305,308,151
315,309,26
407,103,169
413,306,55
302,414,183
209,203,117
406,316,127
303,112,202
317,303,268
315,311,208
405,310,13
111,318,159
204,202,150
312,406,22
207,208,279
110,405,164
303,315,116
205,201,95
204,103,177
202,206,46
312,409,13
483,484,120
315,401,16
205,210,29
201,314,24
112,413,39
303,412,144
164,317,133
401,312,504
109,310,325
404,312,49
403,205,92
403,312,148
408,480,268
101,227,170
310,102,227
304,112,139
111,355,124
317,316,202
210,112,27
302,207,199
413,305,42
406,208,62
314,404,33
314,402,127
413,103,264
413,411,100
312,311,434
111,315,186
307,402,313
412,207,10
410,480,102
403,305,192
112,212,253
164,355,253
401,317,273
305,107,34
209,207,123
405,111,47
408,401,223
309,355,419
205,203,117
410,315,52
210,102,37
501,106,23
410,164,175
482,106,28
407,102,159
481,408,213
355,311,49
108,503,172
105,228,211
303,164,102
112,307,121
105,356,124
112,314,109
208,309,1
404,112,287
481,308,38
111,227,201
111,410,349
208,407,8
413,402,83
316,106,50
109,405,308
408,405,89
201,164,380
317,104,81
304,109,174
311,480,70
355,480,164
404,318,60
205,483,26
410,103,585
202,105,107
311,109,8
104,228,121
110,304,300
311,108,124
317,106,78
412,211,12
206,210,58
112,317,31
502,501,81
107,502,193
212,209,54
307,481,4
315,305,17
207,111,117
310,111,30
404,209,61
402,203,137
305,406,22
203,110,188
313,318,25
164,210,246
310,103,160
207,205,305
108,356,62
401,315,243
480,228,120
305,481,6
313,110,2
318,401,12
110,413,133
414,483,14
316,480,20
315,308,21
227,206,43
406,482,195
312,305,34
405,210,8
410,355,13
481,110,124
311,306,59
209,211,279
301,205,149
301,414,104
226,208,100
302,205,128
316,105,86
303,410,94
210,211,162
414,108,4
208,211,68
404,109,323
413,408,201
317,105,141
110,315,30
413,406,76
309,401,226
315,106,77
308,311,169
308,408,84
209,101,66
304,483,260
207,104,89
102,482,156
412,111,378
407,107,153
109,410,192
355,317,249
312,403,49
209,112,98
205,208,98
314,103,553
304,408,57
355,111,66
316,110,13
112,309,78
109,227,142
301,482,121
310,407,7
312,408,13
481,311,7
410,304,34
212,206,45
316,318,104
314,112,40
318,410,26
406,204,98
484,356,2
408,410,136
307,403,135
405,480,179
406,207,47
412,502,1
318,305,179
410,413,162
402,316,177
209,108,194
317,315,40
206,211,108
313,302,42
208,111,95
404,413,149
407,409,146
317,164,8
408,109,53
209,110,127
308,112,170
303,406,119
409,302,82
316,317,165
413,401,62
481,109,123
301,356,41
404,311,31
313,101,57
316,402,18
206,202,32
201,404,106
318,105,116
201,480,366
305,480,67
307,164,98
211,212,121
315,112,4
303,311,97
205,401,32
403,413,298
206,102,37
405,306,105
109,311,81
481,206,5
401,484,8
403,314,139
406,312,47
209,102,87
305,412,71
314,207,16
401,227,74
406,310,49
481,301,245
305,318,182
410,314,62
202,205,36
481,103,479
312,303,216
311,402,14
208,205,122
227,207,25
307,112,80
481,405,108
309,315,133
315,312,228
312,317,189
209,403,24
481,412,131
208,206,57
408,413,241
316,315,22
481,318,16
204,405,21
318,412,19
309,164,46
210,207,39
212,201,32
110,410,127
210,103,43
410,306,101
112,311,38
307,109,108
414,410,11
317,401,18
227,209,14
210,402,12
310,502,71
403,206,59
412,316,21
404,210,61
307,211,6
102,227,236
410,111,128
404,411,201
302,210,195
407,304,35
313,106,45
106,356,104
314,201,27
316,303,380
315,101,67
318,306,45
411,408,119
311,314,108
312,402,91
203,206,130
314,480,288
202,106,57
411,402,19
111,313,108
205,207,321
308,109,240
109,411,78
355,164,39
304,205,10
355,310,121
483,595,72
210,483,30
401,414,86
201,312,8
502,503,52
307,305,69
412,304,41
202,208,15
318,317,265
205,164,44
317,107,32
303,205,28
480,356,70
107,595,13
303,404,172
304,310,140
212,211,91
305,404,15
405,315,16
207,480,46
306,211,55
305,409,111
407,202,12
109,312,187
110,313,19
404,303,160
311,103,71
409,110,82
407,309,11
317,307,32
204,402,77
212,112,41
309,311,57
412,313,11
109,313,139
206,303,5
314,412,28
309,107,165
308,212,6
109,226,131
317,310,22
306,206,22
318,311,21
407,303,27
307,318,133
316,103,69
109,315,90
355,406,23
207,401,22
205,406,5
307,204,18
414,413,11
301,227,25
411,109,8
482,408,11
481,302,266
484,408,2
305,209,5
408,317,8
313,105,95
406,209,25
355,315,71
204,164,259
405,481,22
111,503,14
405,211,3
203,306,8
481,411,39
316,102,60
407,308,20
403,317,93
412,403,189
110,482,13
413,301,64
405,164,51
164,226,47
310,355,14
307,409,43
413,407,51
207,201,75
404,205,43
308,413,45
404,110,178
314,304,184
103,227,219
313,501,4
355,110,58
410,408,82
212,107,22
102,228,76
312,304,70
304,315,37
502,106,16
307,404,84
355,481,4
406,309,45
308,205,9
316,101,44
311,106,104
305,356,11
303,407,76
311,304,13
211,107,35
307,205,5
408,111,75
410,312,28
107,503,67
112,411,60
306,209,41
209,107,117
405,206,4
503,503,445
212,204,35
406,317,43
306,595,11
405,205,5
482,403,16
317,408,8
310,318,102
402,313,103
112,315,30
211,205,74
408,404,278
313,480,32
306,208,142
407,112,39
104,503,487
304,110,214
413,101,523
317,101,64
211,112,50
412,209,22
304,410,59
108,228,303
110,355,79
305,304,119
203,212,52
414,318,4
315,302,205
409,308,34
111,226,114
318,310,27
410,310,42
306,356,42
308,409,134
201,302,122
403,212,69
101,228,44
481,112,92
481,203,3
408,307,55
303,502,8
312,109,31
210,201,52
208,106,70
413,304,16
201,313,4
207,203,46
307,208,15
208,480,29
205,403,8
308,356,10
409,208,11
481,413,39
310,303,69
311,404,9
481,209,6
503,106,4
306,503,43
103,228,44
311,317,18
202,104,48
407,317,5
307,209,8
210,204,32
312,405,21
207,227,22
212,210,71
212,480,14
316,309,99
311,414,3
409,109,100
206,204,87
409,210,9
212,110,25
410,503,3
402,226,17
204,408,7
210,302,5
201,407,38
205,226,12
211,480,61
305,112,8
317,108,82
310,112,16
308,403,249
305,407,8
413,110,53
315,483,65
112,412,76
309,480,279
308,412,99
309,412,30
501,480,8
304,502,2
203,111,158
355,407,12
412,484,1
303,413,57
109,228,18
210,205,34
207,109,107
209,202,184
211,164,8
303,207,16
409,112,96
308,410,76
484,413,2
408,304,27
305,111,24
405,482,36
316,307,18
109,414,27
314,410,27
482,104,8
317,211,3
409,307,21
206,227,36
226,111,10
203,209,120
203,112,64
202,303,5
356,312,3
204,403,76
303,209,23
204,301,51
202,103,26
413,481,26
210,202,22
408,205,6
107,482,68
207,110,95
407,164,51
318,104,39
304,211,3
206,109,42
207,310,2
211,208,34
309,310,151
316,306,60
305,110,22
308,481,31
101,356,116
317,410,14
406,303,137
112,316,23
303,313,56
410,316,31
110,226,77
318,313,36
104,484,18
210,110,32
318,402,9
112,308,157
305,482,4
111,502,18
501,104,26
410,481,31
164,316,67
404,315,25
318,108,37
402,212,217
313,103,28
301,206,168
202,111,113
112,318,34
203,103,33
409,318,14
314,164,32
409,414,39
315,405,8
408,209,13
318,301,34
310,316,15
315,301,47
202,112,34
105,595,74
209,483,67
211,110,36
481,305,16
413,303,41
112,313,23
202,207,31
317,483,107
308,208,23
208,104,151
313,406,3
413,302,65
201,101,249
313,164,11
403,310,118
315,105,152
309,313,48
306,202,33
227,105,60
228,104,6
481,303,50
401,502,47
110,317,166
203,480,24
209,301,14
203,107,59
413,317,28
404,313,22
111,414,56
312,111,60
318,111,14
408,482,11
305,203,3
112,310,77
410,482,12
307,410,17
226,212,27
307,482,9
315,313,268
314,109,41
101,484,18
102,595,27
212,111,42
406,414,32
209,212,145
208,203,38
406,315,39
310,403,33
201,304,22
309,405,93
314,311,301
402,503,12
406,314,38
306,414,86
404,310,34
318,307,45
201,301,117
412,310,17
412,503,2
410,405,91
409,309,17
406,206,35
318,308,84
228,212,18
211,203,39
406,210,40
403,202,103
405,307,23
210,106,49
205,104,105
409,303,35
315,102,67
406,201,44
484,484,113
408,314,25
412,307,40
207,206,176
356,483,24
405,313,5
310,109,32
404,227,4
304,407,65
410,401,101
204,227,27
312,112,30
408,306,67
307,412,18
303,201,53
313,314,50
411,404,41
303,414,20
595,502,12
482,101,5
308,313,81
481,304,29
308,209,23
205,103,33
413,480,174
406,307,59
305,210,3
410,307,35
308,411,11
408,311,4
305,313,17
206,402,11
411,301,11
404,317,27
306,204,131
312,164,44
210,104,43
211,111,47
403,311,61
407,306,36
107,228,80
303,409,162
228,210,27
210,203,29
407,206,11
302,227,19
109,318,77
355,403,39
407,109,51
203,412,4
317,312,54
206,111,85
103,356,71
309,204,16
101,595,94
405,110,33
408,206,5
316,314,47
314,409,17
310,304,35
318,103,47
112,305,24
210,228,39
210,408,9
110,411,49
206,106,39
413,405,31
208,102,46
313,306,35
405,309,38
307,316,80
318,403,6
205,211,73
310,308,65
401,501,60
317,102,103
408,112,47
409,201,13
210,206,44
410,313,37
402,318,139
208,406,9
205,480,26
164,482,13
206,104,48
306,205,53
208,209,63
403,501,17
211,206,157
409,306,48
407,204,20
310,402,68
315,407,3
314,356,86
313,304,7
355,109,52
313,312,45
108,595,25
305,414,18
356,105,15
408,302,56
209,164,36
316,405,28
413,403,42
206,201,62
210,407,33
482,103,6
405,112,21
315,402,31
210,164,15
410,309,39
309,201,19
310,401,62
405,308,108
207,209,73
112,355,32
310,404,17
410,311,35
210,401,14
310,501,71
201,227,31
212,104,32
403,313,29
409,310,11
205,304,2
405,411,71
481,210,14
356,316,1
407,209,76
410,201,15
315,307,62
413,414,26
315,108,63
206,110,42
502,108,22
209,401,51
501,503,51
211,227,34
412,206,12
201,309,15
112,227,69
208,302,10
412,201,16
402,501,48
204,409,14
412,305,69
107,356,24
407,201,8
403,315,62
402,356,12
208,306,3
404,501,6
313,107,26
501,101,15
595,595,26
303,204,41
210,480,40
203,227,8
412,306,107
204,303,19
302,212,135
316,410,25
211,204,45
309,410,33
502,103,11
208,201,40
302,226,15
401,228,26
212,101,7
309,211,2
202,227,13
308,201,27
404,316,30
311,403,8
316,401,23
407,110,30
201,405,39
307,408,26
411,403,34
202,164,28
207,102,45
201,411,6
226,112,30
201,409,10
410,308,77
502,107,10
307,406,53
412,309,24
311,107,41
302,595,4
356,101,24
308,164,165
306,210,25
481,307,17
412,308,47
412,204,14
209,109,46
204,502,3
301,503,57
411,101,13
316,406,7
308,207,12
209,103,54
211,201,47
208,202,12
313,307,25
315,414,16
317,110,15
313,402,5
408,201,10
201,413,6
207,164,14
211,101,18
307,411,22
227,203,6
314,413,19
110,595,4
303,501,14
305,405,41
408,305,37
310,305,23
110,501,23
404,309,51
206,407,4
412,414,26
318,414,24
313,303,10
407,207,8
317,355,21
409,304,58
110,502,12
212,202,16
316,411,1
164,503,13
315,316,6
307,414,8
208,315,1
310,405,26
203,309,1
315,409,4
201,306,28
310,317,26
309,356,4
304,164,60
356,302,7
402,228,12
503,103,5
305,312,17
404,202,28
211,108,54
413,307,25
313,301,16
228,108,6
311,212,2
311,309,11
484,306,1
410,202,3
110,318,69
204,311,1
502,313,4
314,406,23
306,482,19
409,207,10
226,480,6
408,164,74
311,111,6
356,502,4
313,108,39
310,414,11
315,111,18
404,308,65
312,414,7
227,106,20
212,306,3
409,212,4
355,410,4
313,310,35
314,212,17
309,406,27
403,203,43
406,355,13
315,413,6
206,212,73
356,309,3
201,303,63
412,208,18
410,303,82
501,307,3
209,411,1
355,112,25
304,414,10
307,212,6
408,303,23
202,201,162
205,404,8
312,404,16
207,226,28
202,302,3
203,208,20
413,356,5
202,102,23
312,410,10
109,502,10
111,501,50
315,107,23
212,228,18
202,211,51
481,482,6
405,318,12
212,106,23
316,413,11
211,226,4
204,316,3
412,205,7
226,107,18
482,105,31
408,308,21
595,106,2
226,205,9
227,201,5
204,309,3
207,103,20
409,481,65
406,311,36
408,211,12
409,317,14
411,104,17
414,105,14
313,409,4
208,301,6
312,481,5
228,228,95
202,401,21
312,413,8
481,207,18
413,311,24
414,402,2
227,108,38
316,111,10
208,210,33
309,408,21
228,106,8
209,409,4
503,112,1
305,310,18
313,401,9
226,207,32
412,202,5
210,208,31
211,202,19
308,206,13
306,212,32
401,356,22
356,315,14
407,203,6
404,211,52
201,226,8
413,501,7
207,106,57
202,409,3
205,101,28
305,408,20
405,414,18
409,209,10
203,402,8
407,205,10
316,408,9
228,203,1
315,355,8
355,313,39
201,355,3
315,164,10
208,483,23
404,208,28
111,228,54
227,212,14
314,204,9
316,311,12
412,203,4
209,208,39
310,206,4
318,312,43
227,205,7
313,483,57
405,355,10
205,407,3
203,210,33
404,212,19
316,310,5
212,108,30
313,408,1
310,164,19
313,111,5
356,310,9
405,109,28
305,307,25
305,207,4
409,211,12
312,501,9
414,401,1
318,107,19
164,501,49
318,405,10
309,202,4
310,309,42
356,107,3
201,410,14
209,317,2
482,301,13
481,204,36
316,483,61
502,205,1
227,104,19
227,210,5
355,202,2
482,405,44
311,406,12
206,103,19
405,314,31
405,316,47
202,101,13
304,204,27
406,318,38
316,414,6
317,112,5
303,208,22
406,211,30
355,408,8
316,409,25
317,206,2
208,402,11
209,402,19
313,104,39
413,227,1
308,204,24
201,318,14
226,103,5
408,210,12
407,311,7
309,409,42
482,401,17
212,203,24
482,402,17
413,308,42
105,484,28
411,406,31
315,410,20
316,109,7
303,203,9
315,303,19
315,356,24
211,407,8
304,482,6
410,210,7
206,401,25
481,211,9
407,414,4
202,413,3
402,484,3
209,318,7
112,503,5
227,109,7
501,107,12
310,209,3
210,406,4
106,595,24
410,206,4
211,307,1
210,308,3
502,402,5
502,310,22
412,355,12
316,312,10
481,201,10
212,401,16
201,316,3
318,356,47
311,502,15
356,314,17
314,403,50
312,356,4
205,409,3
209,314,1
409,316,27
410,595,1
356,305,6
411,412,27
206,308,4
305,311,11
203,207,86
212,483,14
208,103,30
405,204,9
309,414,8
211,103,16
308,203,8
481,414,2
317,212,3
408,316,4
311,202,1
482,410,10
401,226,69
207,301,6
208,314,5
482,108,22
501,401,2
311,110,4
356,410,11
201,307,22
304,207,9
203,101,17
211,106,36
407,305,24
404,206,19
202,404,4
212,164,5
208,227,7
208,308,3
501,313,4
209,410,2
112,228,11
410,411,22
502,308,3
306,227,10
317,205,5
411,405,14
317,405,9
503,301,3
413,312,25
226,105,13
484,314,2
413,315,24
355,209,5
201,308,23
309,501,7
208,313,2
404,355,9
211,403,7
110,228,10
413,316,9
408,318,9
109,356,5
311,303,13
413,404,35
413,409,52
501,102,17
106,484,16
211,413,2
107,484,7
315,204,2
205,302,11
207,403,11
502,105,36
410,227,1
305,413,31
301,228,9
209,227,23
482,480,8
411,103,16
204,412,14
408,309,14
482,413,3
315,110,5
313,355,5
413,201,3
503,501,7
203,408,3
405,207,2
410,208,6
311,413,2
318,502,3
110,414,14
212,103,13
317,406,4
207,402,6
413,318,31
205,312,1
484,313,1
206,406,6
306,203,27
209,404,3
204,226,10
302,484,5
484,106,5
481,309,19
356,106,9
411,102,13
313,414,4
410,211,2
306,484,3
208,403,12
310,413,11
312,205,3
309,411,4
307,503,15
226,401,3
410,205,3
356,414,4
211,311,1
203,307,1
404,502,4
309,407,18
316,403,4
406,226,2
206,309,3
212,226,26
503,502,26
201,406,33
108,484,11
405,317,45
409,313,8
407,307,13
309,203,5
405,312,6
408,204,9
502,104,12
503,108,6
307,407,32
312,411,5
201,501,4
203,106,38
315,412,11
308,211,9
310,503,17
412,311,5
411,308,5
228,301,1
311,401,22
402,227,19
413,313,15
406,313,20
502,304,1
312,407,3
210,303,4
502,109,2
227,208,4
311,408,6
355,205,6
409,356,2
209,228,5
410,209,4
209,302,15
304,413,25
202,411,1
407,211,29
103,595,14
502,302,6
311,503,11
481,314,10
226,102,2
309,205,7
413,109,56
313,305,12
412,315,14
206,405,1
314,405,41
411,305,5
208,318,1
210,226,2
228,411,1
201,315,2
305,401,23
204,413,7
407,313,4
501,483,9
305,403,14
209,405,5
309,207,10
227,204,13
103,484,13
407,316,6
210,412,5
305,315,23
315,406,11
201,412,20
304,208,13
304,501,6
211,401,19
205,202,36
207,302,7
304,481,10
401,503,12
405,203,1
304,210,7
314,206,2
413,203,4
307,201,13
202,403,13
202,306,2
305,164,9
312,502,7
314,408,10
228,211,5
413,208,4
316,164,3
356,318,25
112,482,5
501,302,4
414,112,1
310,595,8
314,414,13
411,409,16
204,407,20
311,409,4
412,312,18
410,501,8
226,206,3
502,102,12
303,411,10
303,212,18
305,355,8
481,317,7
109,501,26
207,202,17
203,403,3
414,302,2
413,204,2
211,402,11
311,356,5
313,308,8
405,356,1
206,483,23
318,407,5
316,313,7
202,483,11
307,210,8
317,407,4
355,204,3
314,202,5
482,308,2
203,302,2
410,204,9
411,111,8
407,310,10
317,311,18
211,102,13
408,312,13
206,228,2
208,501,1
206,480,24
356,313,6
503,104,10
202,305,5
209,407,11
406,202,12
308,414,16
226,104,8
310,408,8
206,164,9
481,208,8
304,206,6
503,102,5
212,205,24
410,212,4
111,482,18
309,206,5
484,483,8
204,355,3
315,304,10
203,301,3
409,312,10
317,109,7
313,403,5
201,503,2
410,356,9
406,212,12
413,212,5
405,311,8
203,226,4
205,307,1
503,164,2
311,204,2
203,211,42
503,595,1
318,404,3
414,306,2
410,484,11
313,413,2
228,205,2
404,226,4
303,202,11
307,207,13
311,316,4
309,481,5
317,403,11
413,355,9
404,203,11
209,481,1
226,108,14
411,483,16
414,164,2
412,228,4
209,304,1
201,481,9
304,203,10
318,304,18
412,212,15
315,501,3
204,404,10
411,410,8
481,355,4
406,356,4
408,315,6
305,204,5
210,304,1
408,208,4
414,411,2
205,310,1
206,101,8
227,101,7
482,411,1
317,201,2
484,414,13
595,310,1
202,304,5
484,302,1
310,201,2
482,407,13
203,102,28
311,112,3
204,481,20
502,306,5
102,484,11
206,408,2
207,317,3
317,481,1
407,212,8
313,502,6
410,502,9
482,111,2
308,482,7
482,164,3
210,403,6
502,595,8
227,107,22
305,109,13
407,208,3
206,403,7
310,207,2
209,305,3
208,101,29
302,228,4
408,212,7
111,356,6
313,202,2
317,412,13
413,205,2
228,107,7
313,309,9
407,315,2
204,305,7
501,303,1
356,104,10
305,411,4
317,111,4
310,110,7
501,306,6
412,501,2
205,412,4
164,228,10
502,483,4
301,484,7
481,313,6
227,102,11
314,209,6
482,306,1
405,208,5
313,317,6
201,310,7
205,502,1
206,306,1
595,314,1
595,306,1
228,407,4
314,484,1
317,502,2
314,502,5
209,413,6
501,310,10
411,315,1
211,405,1
109,503,2
316,212,2
206,410,3
484,410,6
309,227,2
202,412,2
212,317,1
316,206,1
303,356,11
308,501,6
355,409,13
355,212,2
411,112,3
502,311,7
112,501,8
305,205,3
407,312,8
210,227,9
201,317,7
482,107,3
501,108,10
207,406,11
481,212,3
211,412,6
303,210,13
317,207,2
212,227,5
310,211,2
205,227,11
203,164,18
481,315,7
208,405,3
204,308,13
314,407,13
210,314,2
227,401,5
414,104,5
403,503,5
484,409,5
204,307,13
355,501,1
356,402,2
414,407,2
309,209,11
356,317,3
204,314,7
209,308,2
204,411,4
307,226,1
501,301,4
201,311,4
307,356,13
304,201,18
311,305,10
208,411,1
407,318,7
408,202,2
204,312,4
210,301,11
407,502,1
211,408,1
316,407,6
356,306,5
413,206,2
409,355,6
202,480,18
212,408,2
206,412,3
414,102,4
303,484,4
355,208,4
315,403,5
414,405,1
316,356,4
202,309,4
311,211,1
411,303,3
502,401,2
356,303,1
227,110,7
227,112,12
203,401,15
502,301,5
228,110,1
308,227,2
210,355,1
311,164,5
228,480,1
312,204,4
481,316,4
208,303,5
315,408,8
409,205,10
356,412,2
407,484,1
212,312,2
482,412,5
316,112,7
204,306,18
405,202,1
316,107,11
356,311,5
481,202,3
315,484,1
314,210,5
202,406,1
356,480,6
204,318,3
201,414,3
313,201,3
315,404,6
503,101,6
112,414,4
314,208,6
407,355,1
203,404,4
501,311,4
202,314,5
317,413,10
408,207,5
408,414,6
314,205,5
304,212,4
212,318,4
310,411,6
484,105,3
226,106,7
595,105,1
308,210,7
414,103,3
311,355,3
413,210,8
406,501,9
314,411,2
212,109,22
316,404,8
226,110,1
502,307,10
502,207,1
304,411,8
410,228,2
201,228,6
313,410,5
407,228,1
404,356,1
317,414,6
208,414,1
313,112,5
314,501,6
303,482,1
205,315,1
228,112,4
208,412,1
317,356,1
315,411,1
482,307,2
207,303,2
318,110,5
202,402,5
481,226,1
208,355,1
308,202,5
356,112,1
316,207,1
407,482,11
409,206,5
226,204,6
227,411,1
204,410,6
312,211,3
318,207,1
202,408,1
310,409,8
211,404,5
209,406,3
595,501,10
203,308,4
210,409,5
482,483,5
316,355,4
403,502,6
481,205,7
409,503,1
409,311,9
405,201,8
411,110,5
312,209,3
356,404,2
316,210,1
307,206,3
414,314,2
482,302,3
356,308,2
210,410,2
411,210,3
484,401,1
318,409,6
484,481,1
212,403,3
202,308,1
411,318,5
317,404,5
315,109,5
355,502,4
414,305,2
304,209,13
228,111,1
306,226,6
208,228,1
311,412,3
305,206,2
502,312,3
408,203,2
303,211,8
203,303,3
307,595,4
204,304,4
484,103,1
207,307,1
356,108,2
211,308,2
313,211,1
210,481,3
204,315,2
212,301,4
205,410,1
484,104,3
317,409,5
411,164,4
401,595,1
309,208,1
212,412,2
414,208,1
312,201,6
595,104,1
355,207,5
311,405,4
414,315,4
414,484,5
304,356,1
212,407,2
209,303,6
212,413,4
411,107,7
484,101,2
207,306,2
355,210,3
226,109,6
356,408,1
313,411,2
228,227,2
226,211,4
501,309,2
228,101,2
414,311,1
356,102,8
202,228,1
314,481,3
405,209,7
501,312,2
307,203,5
412,356,1
228,202,1
413,209,5
355,414,3
203,405,2
308,502,2
484,305,2
355,203,1
408,313,5
206,301,4
312,503,3
411,306,1
209,414,1
211,315,1
414,308,2
205,305,3
356,304,1
414,106,1
501,212,1
355,201,5
226,101,3
503,401,1
313,412,3
318,209,1
226,164,1
110,356,5
314,595,1
209,309,1
318,203,1
210,109,9
482,304,6
209,412,3
404,484,1
503,107,3
226,483,1
226,309,1
481,312,2
503,109,1
313,209,2
356,111,1
207,404,3
356,103,6
502,480,6
314,227,1
207,228,1
227,483,4
203,317,2
414,317,1
484,102,3
411,355,2
228,311,1
227,404,2
411,204,1
208,408,1
405,212,2
227,164,6
310,208,2
210,307,1
309,502,1
409,502,1
404,503,1
409,204,14
318,355,8
310,205,2
202,310,2
206,315,1
212,402,3
209,226,4
482,317,3
301,595,2
227,302,1
305,202,3
482,102,4
228,207,3
206,404,1
109,482,8
318,206,1
310,356,2
227,480,4
482,305,5
228,105,3
311,481,1
501,164,3
211,302,3
402,595,1
414,312,1
355,211,4
309,212,2
228,206,3
210,413,2
315,202,1
318,408,6
209,306,5
411,316,1
312,208,2
481,502,1
202,407,3
305,208,3
356,484,3
318,205,1
409,227,1
406,228,2
501,315,1
311,501,7
211,314,1
405,595,1
206,226,6
482,112,3
312,207,4
209,408,4
318,501,2
412,482,1
212,307,1
411,208,4
202,301,2
502,406,1
312,206,1
482,109,2
414,303,2
204,317,1
303,503,1
356,164,1
227,202,2
205,301,8
481,501,1
211,312,1
482,303,3
318,164,2
307,202,2
409,203,2
209,311,1
501,405,1
317,501,1
210,310,1
316,481,1
484,301,1
307,413,3
311,407,2
226,227,1
212,302,4
414,480,5
204,228,3
210,411,2
356,406,1
211,318,1
414,409,4
314,203,2
226,202,1
205,408,2
484,108,3
227,412,1
356,413,3
206,302,3
228,303,1
212,406,1
315,209,1
207,308,5
310,481,1
205,308,1
406,502,3
317,209,3
484,107,3
204,310,4
203,481,2
316,211,2
228,204,2
211,301,4
311,201,1
595,483,2
408,310,1
318,112,2
406,227,2
305,501,2
110,484,1
207,411,2
211,410,1
502,164,1
227,402,1
228,481,2
205,306,3
316,202,1
411,481,2
227,407,1
409,484,1
308,226,1
227,403,1
210,306,2
310,204,2
413,502,2
226,210,2
501,406,2
318,201,1
501,314,1
501,111,1
208,409,1
228,201,3
501,482,1
484,407,1
209,307,5
408,356,1
212,303,1
313,205,1
209,310,1
502,407,1
318,109,3
207,408,2
315,481,1
205,228,2
313,404,4
318,411,1
227,311,1
356,202,1
414,107,3
318,212,1
210,315,2
203,413,1
414,412,3
484,212,1
312,228,2
408,502,1
501,402,2
207,314,3
206,314,1
212,316,1
405,484,1
317,411,1
484,316,1
482,316,3
311,203,1
205,303,3
313,207,1
356,307,3
202,318,1
112,356,1
227,301,2
403,226,2
304,227,2
209,355,1
484,308,2
313,405,1
227,226,1
312,595,1
212,310,1
203,310,1
408,228,1
317,203,1
411,482,1
355,503,3
201,502,1
312,484,1
228,408,1
502,110,1
310,203,1
205,309,1
318,484,2
411,307,1
502,204,1
208,310,1
501,304,1
501,412,1
482,309,1
503,310,1
111,484,2
316,203,2
205,317,1
411,205,1
313,356,4
205,414,1
305,201,2
207,315,2
410,203,2
501,109,1
414,408,1
206,501,1
211,409,3
315,212,1
211,411,1
408,227,1
316,204,2
595,503,2
211,316,1
314,503,2
414,111,1
503,409,1
411,309,1
501,595,3
595,301,1
482,209,1
111,595,2
228,109,2
414,109,2
212,481,2
226,404,1
503,355,1
413,211,1
310,412,1
482,314,1
309,210,2
206,411,1
502,202,1
309,482,1
482,414,1
411,209,2
307,227,1
414,316,2
407,503,1
207,318,1
109,595,1
207,414,1
312,227,1
228,403,1
206,481,1
164,356,2
408,226,1
595,311,1
209,312,1
316,209,1
410,207,2
308,484,1
502,305,2
306,228,1
315,211,1
304,503,1
211,317,1
356,405,1
305,503,1
503,402,1
313,316,1
226,303,1
315,502,1
404,228,1
414,313,1
205,503,1
313,109,1
204,414,1
311,208,1
209,313,1
503,313,1
212,305,1
318,211,1
227,308,1
228,209,1
203,410,1
211,406,1
503,111,1
202,405,1
